"term","estimate","est_error","lower_95","upper_95","rhat","Bulk_ESS","Tail_ESS"
"Intercept",5.00396667893913,0.418273057927065,4.07797698916254,5.59995412459745,0.999960851870744,2293.0792561159,1388.50568935296
"mean_temp_z",0.572246599500747,0.190866192414478,0.223743309435346,0.977398036177764,1.00045190223089,4668.62884764938,3687.42990780395
"daily_nectar_sugar_mg_z",0.2686505970594,0.239010492631894,-0.150505781329077,0.813281769643031,1.00032640463322,2965.0127132231,3345.3576810497
"mean_wind_speed_z",-1.15191581592202,0.132124676257509,-1.41034684017193,-0.892189693137982,1.00097346449243,3229.64064081395,4532.84121297553
"mean_stn_press_k_pa_z",0.181961786972598,0.133478265956164,-0.0805732149369105,0.44284861485351,1.00040433894038,6536.03673643285,6350.57397209695
"avg_air_rh_1m_z",0.277060098756354,0.173549011442247,-0.0621273860736768,0.607802141235887,0.999896785825708,6987.1762812365,5952.78419259339
"day_length_hours_z",-1.14190985176037,0.366051455963946,-1.84399603063767,-0.403154106842813,1.00065259566604,7676.85473954494,6043.81355859226
"cloud_cover_pct_z",0.0332537288263502,0.145526294632012,-0.258366640843134,0.314789645506702,1.0008666826576,5835.41289884161,5122.31632365812
