"","Df","SumOfSqs","R2","F","Pr(>F)"
"Model",1,0.192133860745025,0.0502789217091154,0.952933036289718,0.46
"Residual",18,3.62922614885501,0.949721078290885,NA,NA
"Total",19,3.82136000960004,1,NA,NA
